{
  "hash": "b3588b64",
  "configHash": "7ff28a80",
  "lockfileHash": "cec827ec",
  "browserHash": "13ec2ffa",
  "optimized": {
    "@angular/common": {
      "src": "../../../../../../node_modules/@angular/common/fesm2022/common.mjs",
      "file": "@angular_common.js",
      "fileHash": "e87d53f2",
      "needsInterop": false
    },
    "@angular/common/http": {
      "src": "../../../../../../node_modules/@angular/common/fesm2022/http.mjs",
      "file": "@angular_common_http.js",
      "fileHash": "befac81a",
      "needsInterop": false
    },
    "@angular/core": {
      "src": "../../../../../../node_modules/@angular/core/fesm2022/core.mjs",
      "file": "@angular_core.js",
      "fileHash": "315c56c8",
      "needsInterop": false
    },
    "@angular/forms": {
      "src": "../../../../../../node_modules/@angular/forms/fesm2022/forms.mjs",
      "file": "@angular_forms.js",
      "fileHash": "af1e1ea3",
      "needsInterop": false
    },
    "@angular/platform-browser": {
      "src": "../../../../../../node_modules/@angular/platform-browser/fesm2022/platform-browser.mjs",
      "file": "@angular_platform-browser.js",
      "fileHash": "13404c08",
      "needsInterop": false
    },
    "@angular/router": {
      "src": "../../../../../../node_modules/@angular/router/fesm2022/router.mjs",
      "file": "@angular_router.js",
      "fileHash": "2cf00a64",
      "needsInterop": false
    },
    "rxjs": {
      "src": "../../../../../../node_modules/rxjs/dist/esm5/index.js",
      "file": "rxjs.js",
      "fileHash": "34ec632a",
      "needsInterop": false
    }
  },
  "chunks": {
    "chunk-RLVQJ7SU": {
      "file": "chunk-RLVQJ7SU.js"
    },
    "chunk-4MJ6SURH": {
      "file": "chunk-4MJ6SURH.js"
    },
    "chunk-KLANGOPF": {
      "file": "chunk-KLANGOPF.js"
    },
    "chunk-UWI4XMA2": {
      "file": "chunk-UWI4XMA2.js"
    },
    "chunk-OLJ2W2BP": {
      "file": "chunk-OLJ2W2BP.js"
    },
    "chunk-S35MAB2V": {
      "file": "chunk-S35MAB2V.js"
    }
  }
}