{
  "hash": "8e93e7a4",
  "configHash": "28208e2f",
  "lockfileHash": "cec827ec",
  "browserHash": "4d0f3b97",
  "optimized": {
    "@angular/common": {
      "src": "../../../../../../node_modules/@angular/common/fesm2022/common.mjs",
      "file": "@angular_common.js",
      "fileHash": "1140fa50",
      "needsInterop": false
    },
    "@angular/common/http": {
      "src": "../../../../../../node_modules/@angular/common/fesm2022/http.mjs",
      "file": "@angular_common_http.js",
      "fileHash": "0f082e03",
      "needsInterop": false
    },
    "@angular/core": {
      "src": "../../../../../../node_modules/@angular/core/fesm2022/core.mjs",
      "file": "@angular_core.js",
      "fileHash": "1584e929",
      "needsInterop": false
    },
    "@angular/forms": {
      "src": "../../../../../../node_modules/@angular/forms/fesm2022/forms.mjs",
      "file": "@angular_forms.js",
      "fileHash": "53b1438b",
      "needsInterop": false
    },
    "@angular/platform-browser": {
      "src": "../../../../../../node_modules/@angular/platform-browser/fesm2022/platform-browser.mjs",
      "file": "@angular_platform-browser.js",
      "fileHash": "ba5887d2",
      "needsInterop": false
    },
    "@angular/router": {
      "src": "../../../../../../node_modules/@angular/router/fesm2022/router.mjs",
      "file": "@angular_router.js",
      "fileHash": "fece209a",
      "needsInterop": false
    }
  },
  "chunks": {
    "chunk-AEVEBAPO": {
      "file": "chunk-AEVEBAPO.js"
    },
    "chunk-VK7JEVAO": {
      "file": "chunk-VK7JEVAO.js"
    },
    "chunk-FS6Q4CBP": {
      "file": "chunk-FS6Q4CBP.js"
    },
    "chunk-LDOJRJIY": {
      "file": "chunk-LDOJRJIY.js"
    },
    "chunk-O3LGEELE": {
      "file": "chunk-O3LGEELE.js"
    }
  }
}